[
    {
        "id":1,
        "name":"Mi 7",
        "price":19999,
        "quantity":10,
        "category":"mobile",
        "imageUrl":"./assets/file_example_JPG_100kB.jpg",
        "description":"this is latest realese of Mi smartphone."
    },
    {
        "id":2,
        "name":"Galaxy A7",
        "price":22499,
        "quantity":10,
        "category":"mobile",
        "imageUrl":"./assets/samsung.jpg",
        "description":"this is samsung smartphone."
    },
    {
        "id":3,
        "name":"iPhone 7",
        "price":49999,
        "quantity":10,
        "category":"mobile",
        "imageUrl":"./assets/iphone.jpg",
        "description":"this is iPhone"
    }   
]